<?xml version="1.0"?>

<consumers 
	xmlns:xsi="http://www.w3.org/2001/XMLSchema-instance" xsi:noNamespaceSchemaLocation="xml.xsd">
<Consumer consumerNo="12322110">
<ConsumerName>Seema Joshi</ConsumerName>
<email>seema.joshi@igate.com</email>
<unitsConsumed>250</unitsConsumed>
</Consumer>

<Consumer consumerNo="17531111">
<ConsumerName>Amey Joshi</ConsumerName>
<email>amey.j@igate.com</email>
<unitsConsumed>345</unitsConsumed>
</Consumer>

<Consumer consumerNo="17533411">
<ConsumerName>Pravin T</ConsumerName>
<email>pravin.t@gmail.com</email>
<unitsConsumed>457</unitsConsumed>
</Consumer>

<Consumer consumerNo="12432121">
<ConsumerName>Manoj Kulkarni</ConsumerName>
<email>manoj.k@gmail.com</email>
<unitsConsumed>780</unitsConsumed>
</Consumer>

<Consumer consumerNo="12342111">
<ConsumerName>Shrikant Shinde</ConsumerName>
<email>shrikant.shinde@gmail.com</email>
<unitsConsumed>90</unitsConsumed>
</Consumer>

<Consumer consumerNo="15432152">
<ConsumerName>Mahesh B</ConsumerName>
<email>bMahesh@gmail.com</email>
<unitsConsumed>720</unitsConsumed>
</Consumer>
</consumers>