<?xml version="1.0"?>
<employees
	xmlns:xsi="http://www.w3.org/2001/XMLSchema-instance"
	xsi:noNamespaceSchemaLocation="3.xsd">
	
	<employee empid="12345">
		<ename>Preeti</ename>
		<qual>BTech</qual>
		<gender>Feminine</gender>
		<sal>
			<basic>8500</basic>
			<ta>1200</ta>
			<hra>1500</hra>
			<tax>13.0</tax>
		</sal>
	</employee>
	<employee empid="67890">
		<ename>Komal</ename>
		<qual>BTech</qual>
		<gender>Masculine</gender>
		<sal>
			<basic>9500</basic>
			<ta>2500</ta>
			<hra>3500</hra>
			
		</sal>
	</employee>
	<employee empid="13680">
		<ename>Rahul</ename>
		<qual>MTech</qual>
		<gender>Masculine</gender>
		<sal>
			<basic>18500</basic>
			<ta>3000</ta>
			<hra>8500</hra>
			
		</sal>
	</employee>
</employees>	