﻿<?xml version="1.0" encoding="utf-8"?>
<mails>
  <data>
    <name>to</name>
    <description>to the address of the person who received the mail</description>
  </data>
  <data>
    <name>from</name>
    <description>from the address of the person who sends the mail</description>
  </data>
  <data>
    <name>cc</name>
    <description>who receives mail in group but cannot reply</description>
  </data>
  <data>
    <name>bcc</name>
    <description>receives mail in group which others are invisible and can rply</description>
  </data>
  <data>
    <name>subject</name>
    <description>its a short term which tell us about the mail</description>
  </data>
  <data>
    <name>body</name>
    <description>which contains the information</description>
  </data>
</mails>